{"loss": [0.016128813847899437, 0.008150546811521053, 0.006429912056773901, 0.0057350327260792255, 0.005411731079220772, 0.005361840128898621, 0.005019854288548231, 0.004728303290903568, 0.004766124300658703, 0.004567492753267288, 0.004345008637756109, 0.004900046624243259, 0.004957199562340975, 0.004377894569188356, 0.0044547091238200665, 0.003871292108669877, 0.0037704252172261477, 0.0037427651695907116, 0.0037412799429148436, 0.003699863562360406, 0.003711420577019453, 0.0036489779595285654, 0.0036635431461036205, 0.0036389753222465515, 0.0036766710691154003, 0.0036093483213335276, 0.0036785665433853865, 0.00360355107113719, 0.0036616199649870396, 0.003610733663663268, 0.0036534040700644255, 0.003617974231019616, 0.00363180716522038, 0.0036327720154076815, 0.0036248681135475636, 0.0036502135917544365, 0.003636381821706891], "val_loss": [0.009061518125236034, 0.007057776674628258, 0.005766505375504494, 0.005313217639923096, 0.0051099075935781, 0.005091962870210409, 0.005071810446679592, 0.005077750887721777, 0.005067512392997742, 0.004500031005591154, 0.004451125394552946, 0.006812383886426687, 0.004482272546738386, 0.004620784893631935, 0.004938625264912844, 0.004053404554724693, 0.0040334658697247505, 0.004004920832812786, 0.003987335599958897, 0.003955060616135597, 0.00396884698420763, 0.003940713591873646, 0.0039364551194012165, 0.0039340355433523655, 0.0039279889315366745, 0.0039324345998466015, 0.0039235856384038925, 0.003922704141587019, 0.003922882955521345, 0.003922940697520971, 0.003922130446881056, 0.003922159317880869, 0.003921962808817625, 0.003921950235962868, 0.003921684343367815, 0.003921810537576675, 0.00392147758975625], "learning_rate": [0.0010000000474974513, 0.0010000000474974513, 0.0010000000474974513, 0.0010000000474974513, 0.0010000000474974513, 0.0010000000474974513, 0.0010000000474974513, 0.0010000000474974513, 0.0010000000474974513, 0.0010000000474974513, 0.0010000000474974513, 0.0010000000474974513, 0.0010000000474974513, 0.0010000000474974513, 0.0010000000474974513, 0.00010000000474974513, 0.00010000000474974513, 0.00010000000474974513, 0.00010000000474974513, 0.00010000000474974513, 0.00010000000474974513, 1.0000000656873453e-05, 1.0000000656873453e-05, 1.0000000656873453e-05, 1.0000000656873453e-05, 1.0000000656873453e-05, 1.0000000656873453e-05, 1.0000001111620804e-06, 1.0000001111620804e-06, 1.0000001111620804e-06, 1.0000001111620804e-06, 1.0000001111620804e-06, 1.000000082740371e-07, 1.000000082740371e-07, 1.000000082740371e-07, 1.000000082740371e-07, 1.000000082740371e-07]}